timestamp,video_url,status
2024-11-30 14:05:35,https://cdn.hailuoai.video/moss/prod/2024-11-25-11/video/1732505540583995478-video_watermark_66dcc9d00732769947e7a023ec4c498e_317295575891832840.mp4,downloaded
2024-11-30 14:05:35,https://cdn.hailuoai.video/moss/prod/2024-11-25-11/video/1732505209729279544-video_watermark_6e908da7ca21a35f7c732412f43689e9_317293566656643075.mp4,downloaded
2024-11-30 14:05:35,https://cdn.hailuoai.video/moss/prod/2024-11-25-11/video/1732504986231868134-video_watermark_09fdc3f2c6ad02d0005a0f58a672ebae_317293203568320518.mp4,downloaded
2024-11-30 14:05:35,https://cdn.hailuoai.video/moss/prod/2024-11-13-08/video/1731459124811352532-video_watermark_0f9348517cf14ddff8e886d24f856109_312904496689709059.mp4,downloaded
2024-11-30 14:05:35,https://cdn.hailuoai.video/moss/prod/2024-11-13-08/video/1731458749780707448-video_watermark_e9f6a5e023088eaad104e731a8cd4368_312904458412498944.mp4,downloaded
2024-11-30 14:05:35,https://cdn.hailuoai.video/moss/prod/2024-11-13-08/video/1731457272220038251-video_watermark_32a62109f9726c0fa46f2faa08e6c859_312898089647087625.mp4,downloaded
2024-11-30 14:05:35,https://cdn.hailuoai.video/moss/prod/2024-11-13-07/video/1731454439426355240-video_watermark_208582dbc42ed8c72e8ed806332a4b67_312885456214691846.mp4,downloaded
2024-11-30 14:05:35,https://cdn.hailuoai.video/moss/prod/2024-11-13-07/video/1731454070559173863-video_watermark_9de14b9fd924d6dba5c9c8e30d326b7c_312884768617271302.mp4,downloaded
2024-11-30 14:05:35,https://cdn.hailuoai.video/moss/prod/2024-11-13-06/video/1731449890506602025-video_watermark_631b7560018fd2fee72c094ced910adc_312867031518019593.mp4,downloaded
2024-11-30 14:05:35,https://cdn.hailuoai.video/moss/prod/2024-11-13-04/video/1731444235902405147-video_watermark_05bced41e4b510ae4cfb6a18665c85ec_312843503066411008.mp4,downloaded
2024-11-30 14:05:35,https://cdn.hailuoai.video/moss/prod/2024-11-13-03/video/1731440824772480303-video_watermark_7eb1d26cf9fc6aa51d07a1f27520dff9_312829279124582405.mp4,downloaded
2024-11-30 14:05:35,https://cdn.hailuoai.video/moss/prod/2024-11-13-03/video/1731440248319520261-video_watermark_d8f56e8df9af11c75cb6b65d5afbdfcf_312826837678952451.mp4,downloaded
2024-11-30 14:05:35,https://cdn.hailuoai.video/moss/prod/2024-11-13-01/video/1731433724512780652-video_watermark_cb2a7d71fc3659e1a217a069f7287f65_312729403204300808.mp4,downloaded
2024-11-30 14:05:35,https://cdn.hailuoai.video/moss/prod/2024-11-13-01/video/1731431772096914709-video_watermark_575376e0515538ffc4a8bbc464e17769_312718498223628290.mp4,downloaded
2024-11-30 14:05:35,https://cdn.hailuoai.video/moss/prod/2024-11-13-00/video/1731427760121751758-video_watermark_7123f8cc9ba8bb19f650950397a3e0c1_312717661170565127.mp4,downloaded
2024-11-30 14:05:35,https://cdn.hailuoai.video/moss/prod/2024-11-12-21/video/1731416563098887512-video_watermark_7025fe66eb92aa3ad53f750929b24641_312716832871030788.mp4,downloaded
2024-11-30 14:05:35,https://cdn.hailuoai.video/moss/prod/2024-11-12-19/video/1731412060267062552-video_watermark_790ee5f321dfbe014294dddfa06d4ed6_312704237657133065.mp4,downloaded
2024-11-30 14:05:35,https://cdn.hailuoai.video/moss/prod/2024-11-12-19/video/1731411472084288094-video_watermark_5972e28a9683a8015658757405b3d80d_312702563450363911.mp4,downloaded
2024-11-30 14:05:35,https://cdn.hailuoai.video/moss/prod/2024-11-12-19/video/1731410969389949789-video_watermark_338d96abf31da6d50d6407111ff79b07_312700881886773248.mp4,downloaded
2024-11-30 14:05:35,https://cdn.hailuoai.video/moss/prod/2024-11-12-19/video/1731410519204018637-video_watermark_aeac55fca88ba5330f8aa257dfaa81aa_312699207470280711.mp4,downloaded
2024-11-30 14:05:35,https://cdn.hailuoai.video/moss/prod/2024-11-12-19/video/1731410096776104945-video_watermark_358be10879b51a1a220cdfaca1e3ae55_312697538858717188.mp4,downloaded
2024-11-30 14:05:35,https://cdn.hailuoai.video/moss/prod/2024-11-12-19/video/1731409681278693792-video_watermark_0bf616e0764cafe794f907ced017d9d1_312695867684429831.mp4,downloaded
2024-11-30 14:05:35,https://cdn.hailuoai.video/moss/prod/2024-11-12-19/video/1731409276682186027-video_watermark_5c85a3f2c0c3951df82441813023ff8c_312694172610994178.mp4,downloaded
2024-11-30 14:05:35,https://cdn.hailuoai.video/moss/prod/2024-11-12-18/video/1731409021797767066-video_watermark_810eef9202987826389dc403b308ff16_312692493308133376.mp4,downloaded
2024-11-30 14:05:35,https://cdn.hailuoai.video/moss/prod/2024-11-12-18/video/1731408622540098060-video_watermark_bb2e136b85172e9647f0910fbe44b7e9_312690815674609666.mp4,downloaded
2024-11-30 14:05:35,https://cdn.hailuoai.video/moss/prod/2024-11-12-18/video/1731408221577247115-video_watermark_dba81658c4123be22443d7fb8618c810_312689984313229315.mp4,downloaded
2024-11-30 14:05:35,https://cdn.hailuoai.video/moss/prod/2024-11-12-18/video/1731407822450906139-video_watermark_ca968cc9f7157af4cbd5122df8226b13_312689138821234695.mp4,downloaded
2024-11-30 14:05:35,https://cdn.hailuoai.video/moss/prod/2024-11-12-18/video/1731407434917335716-video_watermark_3b5e1fb48eb3e86beb5564d87c688f90_312687473443475462.mp4,downloaded
2024-11-30 14:05:35,https://cdn.hailuoai.video/moss/prod/2024-11-12-18/video/1731407183651946677-video_watermark_506479cc8b8a8381fa5238ebc9167764_312685782119747593.mp4,downloaded
2024-11-30 14:05:35,https://cdn.hailuoai.video/moss/prod/2024-11-12-18/video/1731406906126955943-video_watermark_b73d71fa49ef8652b428a5c3ccd70d36_312684105429946374.mp4,downloaded
2024-11-30 14:05:35,https://cdn.hailuoai.video/moss/prod/2024-11-12-18/video/1731406491460228790-video_watermark_efac2a9bc90d9ae59f3ced1301ecd802_312681820926767112.mp4,downloaded
2024-11-30 14:05:35,https://cdn.hailuoai.video/moss/prod/2024-11-12-18/video/1731406069716722606-video_watermark_9b0fbd26189ced5bf294f0d69d603b51_312680058501210120.mp4,downloaded
2024-11-30 14:05:35,https://cdn.hailuoai.video/moss/prod/2024-11-12-18/video/1731405652155672130-video_watermark_d0f0f8f3c9e7c4d15bebb97271bc0eaf_312679303761362944.mp4,downloaded
2024-11-30 14:05:35,https://cdn.hailuoai.video/moss/prod/2024-11-12-17/video/1731405232143919348-video_watermark_471d6001039afa54ef01002f21023eee_312676787845853184.mp4,downloaded
2024-11-30 14:05:35,https://cdn.hailuoai.video/moss/prod/2024-11-12-17/video/1731404799619636552-video_watermark_9eed7eab93e3914db947e1bc3afeed67_312675784002117638.mp4,downloaded
2024-11-30 14:05:36,https://cdn.hailuoai.video/moss/prod/2024-11-12-17/video/1731404519177399624-video_watermark_995eaa53937b167171f7313fddfe827e_312674270537846784.mp4,downloaded
2024-11-30 14:05:36,https://cdn.hailuoai.video/moss/prod/2024-11-12-17/video/1731404085641508887-video_watermark_46498389460e35947e2a3a0513aa640d_312671753649258505.mp4,downloaded
2024-11-30 14:05:36,https://cdn.hailuoai.video/moss/prod/2024-11-12-17/video/1731403755412761883-video_watermark_d65ed9634157e5493a9c3e34dd19ce91_312669238543249415.mp4,downloaded
2024-11-30 14:05:36,https://cdn.hailuoai.video/moss/prod/2024-11-12-17/video/1731403301443695036-video_watermark_1b46ee95b8611e1500c542a3ee67ca78_312666744123564037.mp4,downloaded
2024-11-30 14:05:36,https://cdn.hailuoai.video/moss/prod/2024-11-12-17/video/1731402784598009465-video_watermark_9f3c1c627b89eb325e3470b64abc486b_312664966233595911.mp4,downloaded
2024-11-30 14:05:36,https://cdn.hailuoai.video/moss/prod/2024-11-12-17/video/1731402231051126614-video_watermark_b09707cb25939729c312661a340d4456_312662462129250311.mp4,downloaded
2024-11-30 14:05:36,https://cdn.hailuoai.video/moss/prod/2024-11-12-16/video/1731401660345737963-video_watermark_fe8bd653eb654465f0c25f6873d74e72_312660686231564288.mp4,downloaded
2024-11-30 14:05:36,https://cdn.hailuoai.video/moss/prod/2024-11-12-16/video/1731401149758299213-video_watermark_b184313192d75d40b17f5bb2ed980a3a_312658168298602496.mp4,downloaded
2024-11-30 14:05:36,https://cdn.hailuoai.video/moss/prod/2024-11-12-16/video/1731400622692992428-video_watermark_02758b8dfd39ee833dc6164cc4c650d2_312655680283615236.mp4,downloaded
2024-11-30 14:05:36,https://cdn.hailuoai.video/moss/prod/2024-11-12-16/video/1731400106530584235-video_watermark_655cee2c5ca3f66b3919ea837f8beb4b_312653145116246023.mp4,downloaded
2024-11-30 14:05:36,https://cdn.hailuoai.video/moss/prod/2024-11-12-16/video/1731399555074344404-video_watermark_f0ef13ed992186be21afa768786a618e_312649866437193735.mp4,downloaded
2024-11-30 14:05:36,https://cdn.hailuoai.video/moss/prod/2024-11-12-16/video/1731398930759287087-video_watermark_b5cd877476ed16a089457a0d9f93ed1c_312648102245834759.mp4,downloaded
2024-11-30 14:05:36,https://cdn.hailuoai.video/moss/prod/2024-11-12-15/video/1731398290357039921-video_watermark_e3e46df115e8c0b93ae8e0130211927d_312645586691035139.mp4,downloaded
2024-11-30 14:05:36,https://cdn.hailuoai.video/moss/prod/2024-11-12-15/video/1731397661700513034-video_watermark_25eb8e7f5df687e0e98fcb0c608e47fd_312643071215931400.mp4,downloaded
2024-11-30 14:05:36,https://cdn.hailuoai.video/moss/prod/2024-11-12-15/video/1731397212344980110-video_watermark_217ea602042d3a858a283967a70bc3ba_312641351756816387.mp4,downloaded
2024-11-30 14:05:36,https://cdn.hailuoai.video/moss/prod/2024-11-12-15/video/1731396600657156764-video_watermark_9d7e0299640f03196f2adc5f1662091b_312638808880324612.mp4,downloaded
2024-11-30 14:05:36,https://cdn.hailuoai.video/moss/prod/2024-11-12-15/video/1731396018460178794-video_watermark_a1ddcf49e719327a0b06bfaaf4f2bd0d_312637126159114249.mp4,downloaded
2024-11-30 14:05:36,https://cdn.hailuoai.video/moss/prod/2024-11-12-15/video/1731395582988022499-video_watermark_bc9097de65e04338d2a84edb0bae72d9_312634608465215491.mp4,downloaded
2024-11-30 14:05:36,https://cdn.hailuoai.video/moss/prod/2024-11-12-15/video/1731394991097620541-video_watermark_c32f0a01744c3f3424e2dc8066f28e19_312633771823202307.mp4,downloaded
2024-11-30 14:05:36,https://cdn.hailuoai.video/moss/prod/2024-11-12-14/video/1731394461085018635-video_watermark_28c192d48c7821ea9cbcaa8bfc6b05f3_312631487290679296.mp4,downloaded
2024-11-30 14:05:36,https://cdn.hailuoai.video/moss/prod/2024-11-12-14/video/1731393973552752970-video_watermark_c0e04eae8c74e311ce4350d4f417cb3a_312629591112949769.mp4,downloaded
2024-11-30 14:05:36,https://cdn.hailuoai.video/moss/prod/2024-11-12-14/video/1731393646392218872-video_watermark_35987d2db69365c715fc3ce441fae604_312628735395237896.mp4,downloaded
2024-11-30 14:05:36,https://cdn.hailuoai.video/moss/prod/2024-11-12-14/video/1731393218415059925-video_watermark_88f33c7386e318761d3af5b4b49bc2c6_312627059632369672.mp4,downloaded
2024-11-30 14:05:36,https://cdn.hailuoai.video/moss/prod/2024-11-12-14/video/1731392791105513698-video_watermark_5d996871c70b3cf763231b8004576bc9_312625379629080583.mp4,downloaded
2024-11-30 14:05:36,https://cdn.hailuoai.video/moss/prod/2024-11-12-14/video/1731392510001486894-video_watermark_b7932a2ee12aad273340ce16775f65ef_312623704931569670.mp4,downloaded
2024-11-30 14:05:36,https://cdn.hailuoai.video/moss/prod/2024-11-12-14/video/1731392195980629781-video_watermark_fbd376da4fdb33b5e5c39bb2d1be9473_312622148781871105.mp4,downloaded
2024-11-30 14:05:36,https://cdn.hailuoai.video/moss/prod/2024-11-12-14/video/1731391736746646579-video_watermark_5960e8d41165f43e350bbdec2e6e6d1f_312620421055770626.mp4,downloaded
2024-11-30 14:05:36,https://cdn.hailuoai.video/moss/prod/2024-11-12-14/video/1731391322936877189-video_watermark_92d1ed3207537d26b7ab7050411012a5_312618901866287108.mp4,downloaded
2024-11-30 14:05:36,https://cdn.hailuoai.video/moss/prod/2024-11-12-13/video/1731390915441997892-video_watermark_d57a5e114b8e2b87dad3710b16d2e367_312617148315856896.mp4,downloaded
2024-11-30 14:05:36,https://cdn.hailuoai.video/moss/prod/2024-11-12-13/video/1731390510896612393-video_watermark_f9c919f8425933dd7f6285c56cacbff0_312616392363876354.mp4,downloaded
2024-11-30 14:05:36,https://cdn.hailuoai.video/moss/prod/2024-11-12-13/video/1731390122868918371-video_watermark_ad9dcae4714b92eb23ab090d537d25ed_312614633373429765.mp4,downloaded
2024-11-30 14:05:36,https://cdn.hailuoai.video/moss/prod/2024-11-12-13/video/1731389743189334875-video_watermark_2f0fc47df397ab8b0422dd9199eacb7d_312612868477423620.mp4,downloaded
2024-11-30 14:05:36,https://cdn.hailuoai.video/moss/prod/2024-11-12-13/video/1731389527115306437-video_watermark_d12ab059c62d43dcdb1b39fdaec64cf3_312611961463369736.mp4,downloaded
2024-11-30 14:05:36,https://cdn.hailuoai.video/moss/prod/2024-11-12-13/video/1731389157441711553-video_watermark_3c9707221d7498df9e5125348d57eef7_312611368078417927.mp4,downloaded
2024-11-30 14:05:36,https://cdn.hailuoai.video/moss/prod/2024-11-12-13/video/1731388781232718468-video_watermark_643f92409d71a3e5b46841cf518e5148_312609593803935749.mp4,downloaded
2024-11-30 14:05:36,https://cdn.hailuoai.video/moss/prod/2024-11-12-13/video/1731388525622816147-video_watermark_90a70f954deb26f0f4cee1575fa0e5e4_312608842474070023.mp4,downloaded
2024-11-30 14:05:36,https://cdn.hailuoai.video/moss/prod/2024-11-12-13/video/1731388267065861948-video_watermark_677cfe375b773b590bf2da669a06370a_312607073337610247.mp4,downloaded
2024-11-30 14:05:36,https://cdn.hailuoai.video/moss/prod/2024-11-12-13/video/1731387884925279610-video_watermark_7a5d59d6d588205c025dc9573ef120b8_312606322083241993.mp4,downloaded
2024-11-30 14:05:36,https://cdn.hailuoai.video/moss/prod/2024-11-12-13/video/1731387662198889230-video_watermark_907c92b77141dcfc4dba338e1487f10c_312604566146248711.mp4,downloaded
2024-11-30 14:05:36,https://cdn.hailuoai.video/moss/prod/2024-11-12-12/video/1731387438936566018-video_watermark_540fa5cccdad8d977984fc696f6fc6f2_312603806301945862.mp4,downloaded
2024-11-30 14:05:36,https://cdn.hailuoai.video/moss/prod/2024-11-12-12/video/1731387069025344207-video_watermark_12d70164d0315ddce5522479d1b9d52d_312602046795608067.mp4,downloaded
2024-11-30 14:05:36,https://cdn.hailuoai.video/moss/prod/2024-11-12-12/video/1731386699269928659-video_watermark_d54c317b2bc513cefa22e2cd03a8e6aa_312601288008265731.mp4,downloaded
2024-11-30 14:05:36,https://cdn.hailuoai.video/moss/prod/2024-11-12-12/video/1731386473870286435-video_watermark_4dbd855b765409387bda45ed5eed91d0_312599524282462208.mp4,downloaded
2024-11-30 14:05:36,https://cdn.hailuoai.video/moss/prod/2024-11-12-12/video/1731386257318820229-video_watermark_a8b55604557ed17a95e20ecaea836ad1_312598770628956166.mp4,downloaded
2024-11-30 14:05:36,https://cdn.hailuoai.video/moss/prod/2024-11-12-12/video/1731385889166041992-video_watermark_5f68b8b8de4f2f26b6d4f6d73ed3c377_312597007578427397.mp4,downloaded
2024-11-30 14:05:36,https://cdn.hailuoai.video/moss/prod/2024-11-12-12/video/1731385668486173855-video_watermark_d6f0961fea5cd1364b7082ebfef6f225_312595244808925191.mp4,downloaded
2024-11-30 14:05:36,https://cdn.hailuoai.video/moss/prod/2024-11-12-12/video/1731385304083857880-video_watermark_76526056ea83449088b9a902684c2c82_312593737405431813.mp4,downloaded
2024-11-30 14:05:36,https://cdn.hailuoai.video/moss/prod/2024-11-12-12/video/1731384940320126310-video_watermark_d63f18092c684341b9edf2f66f13a911_312591986266738694.mp4,downloaded
2024-11-30 14:05:36,https://cdn.hailuoai.video/moss/prod/2024-11-12-12/video/1731384576993701878-video_watermark_9c2928232d468de822981612d71672d9_312591220156145667.mp4,downloaded
2024-11-30 14:05:36,https://cdn.hailuoai.video/moss/prod/2024-11-12-12/video/1731384206114434068-video_watermark_de8ffd77f4a8433b8c13a6d694ce17d6_312589478425264135.mp4,downloaded
2024-11-30 14:05:36,https://cdn.hailuoai.video/moss/prod/2024-11-12-11/video/1731383843270140926-video_watermark_0100f29193eba8984792dff2fbc0a8c2_312587702309482501.mp4,downloaded
2024-11-30 14:05:36,https://cdn.hailuoai.video/moss/prod/2024-11-12-11/video/1731383479216022280-video_watermark_e8e03fb5059485751920e5bd7b1c743e_312586189239484424.mp4,downloaded
2024-11-30 14:05:36,https://cdn.hailuoai.video/moss/prod/2024-11-12-11/video/1731383077045825306-video_watermark_b86f482f775a5ee41457af071fa5fff1_312584425366876165.mp4,downloaded
2024-11-30 14:05:36,https://cdn.hailuoai.video/moss/prod/2024-11-12-11/video/1731382686639113090-video_watermark_32565e03e5415b29df2f57d70b73cec6_312582667567632387.mp4,downloaded
2024-11-30 14:05:36,https://cdn.hailuoai.video/moss/prod/2024-11-12-11/video/1731382306698579113-video_watermark_f1b6b45f96b47372d528bf0c96b7ce68_312581154677985284.mp4,downloaded
2024-11-30 14:05:36,https://cdn.hailuoai.video/moss/prod/2024-11-12-11/video/1731381916679062065-video_watermark_f328b918cbbe566caec8c6cce62d5c54_312579393670070281.mp4,downloaded
2024-11-30 14:05:36,https://cdn.hailuoai.video/moss/prod/2024-11-12-11/video/1731381547425479340-video_watermark_010d6a593c9d87d931672bfefeddd6f2_312577636327997449.mp4,downloaded
2024-11-30 14:05:36,https://cdn.hailuoai.video/moss/prod/2024-11-12-11/video/1731381183061451327-video_watermark_32a39bd5d168aa26279498a85690a63e_312576122649817089.mp4,downloaded
2024-11-30 14:05:36,https://cdn.hailuoai.video/moss/prod/2024-11-12-11/video/1731380802984063594-video_watermark_43875afc4187440661a69c623db5e8df_312574358177431559.mp4,downloaded
2024-11-30 14:05:36,https://cdn.hailuoai.video/moss/prod/2024-11-12-10/video/1731380375318790267-video_watermark_9d79fd5037d74ea4ee59410580301209_312573611356442627.mp4,downloaded
2024-11-30 14:05:36,https://cdn.hailuoai.video/moss/prod/2024-11-12-10/video/1731379945773010897-video_watermark_6a83c4dc8678024b1c8a3f376fd003ab_312571843411161092.mp4,downloaded
2024-11-30 14:05:36,https://cdn.hailuoai.video/moss/prod/2024-11-12-10/video/1731379656530331517-video_watermark_9cca8a83fe4fead0ba892a1d4eb23bc4_312570089072222215.mp4,downloaded
2024-11-30 14:05:36,https://cdn.hailuoai.video/moss/prod/2024-11-12-10/video/1731379362508235694-video_watermark_ad6582e919fe5e009504efbd08552e25_312568579080826888.mp4,downloaded
2024-11-30 14:05:36,https://cdn.hailuoai.video/moss/prod/2024-11-12-10/video/1731379054134258470-video_watermark_c6ad61a4cf1242dc3cb310fec92c9c69_312567568089997314.mp4,downloaded
2024-11-30 14:05:36,https://cdn.hailuoai.video/moss/prod/2024-11-12-10/video/1731378615740952793-video_watermark_9e65ce7ba9bd7a7b3961226ffd69ff33_312565047573327874.mp4,downloaded
2024-11-30 14:05:36,https://cdn.hailuoai.video/moss/prod/2024-11-12-10/video/1731378181108513840-video_watermark_6ae5716c856c43e4eae645c985c61553_312563538483732481.mp4,downloaded
2024-11-30 14:05:36,https://cdn.hailuoai.video/moss/prod/2024-11-12-10/video/1731377877857528217-video_watermark_6ce7cca0528fdcd527e8b7c2f1778337_312561775412232200.mp4,downloaded
2024-11-30 14:05:36,https://cdn.hailuoai.video/moss/prod/2024-11-12-10/video/1731377450272472530-video_watermark_be39d2d9a23b0c4cb7989db714cbf496_312559916584787968.mp4,downloaded
2024-11-30 14:05:36,https://cdn.hailuoai.video/moss/prod/2024-11-12-10/video/1731377018082066601-video_watermark_3d16005b623143f0b718812da69832e7_312558050098536455.mp4,downloaded
2024-11-30 14:05:36,https://cdn.hailuoai.video/moss/prod/2024-11-12-09/video/1731376572449662153-video_watermark_38a9bd7aaa6ba628a7dca7c72217dc22_312555990816907272.mp4,downloaded
2024-11-30 14:05:36,https://cdn.hailuoai.video/moss/prod/2024-11-12-09/video/1731376129292057031-video_watermark_b61f2265628a6ec638f16e2e13c9c770_312554078713405441.mp4,downloaded
2024-11-30 14:05:36,https://cdn.hailuoai.video/moss/prod/2024-11-12-09/video/1731375671971343839-video_watermark_c148a5310061db95e48b7b2a4f1101b5_312552402262667273.mp4,downloaded
2024-11-30 14:05:36,https://cdn.hailuoai.video/moss/prod/2024-11-12-09/video/1731375225483538359-video_watermark_8665ddd6bd15baee96bde367d6a75b21_312551399035490311.mp4,downloaded
2024-11-30 14:05:36,https://cdn.hailuoai.video/moss/prod/2024-11-12-09/video/1731374784356892631-video_watermark_2f426759d5bbdd4ac277571b0c553a61_312551135813554176.mp4,downloaded
2024-11-30 14:05:36,https://cdn.hailuoai.video/moss/prod/2024-11-12-09/video/1731374348326690722-video_watermark_6a6866ec2528277e67e4df98ba3df04b_312549110992322567.mp4,downloaded
2024-11-30 14:05:36,https://cdn.hailuoai.video/moss/prod/2024-11-12-09/video/1731374159261728359-video_watermark_89f5381953e2f685bc8700a7478fdf2b_312549080550072324.mp4,downloaded
2024-11-30 14:05:36,https://cdn.hailuoai.video/moss/prod/2024-11-12-09/video/1731373961010106033-video_watermark_de9ddd74e545bd8a6ed73682d03bda80_312549036878966786.mp4,downloaded
2024-11-30 14:05:36,https://cdn.hailuoai.video/moss/prod/2024-11-12-08/video/1731372204772207458-video_watermark_d8c03b1260e626b605b1d4e5d363a549_312539034592198665.mp4,downloaded
2024-11-30 14:05:36,https://cdn.hailuoai.video/moss/prod/2024-11-12-08/video/1731371885455757209-video_watermark_9dc18d9d657acdd640c7918395ec56bf_312539003306885122.mp4,downloaded
2024-11-30 14:05:36,https://cdn.hailuoai.video/moss/prod/2024-11-12-08/video/1731371483646196814-video_watermark_b33c3e22a80bc888e7431ab3a6309938_312538792492781576.mp4,downloaded
2024-11-30 14:05:36,https://cdn.hailuoai.video/moss/prod/2024-11-11-21/video/1731333181339586847-video_watermark_7dfe7a54fa4667c169c84e4715f9633c_312355161845510146.mp4,downloaded
2024-11-30 14:05:36,https://cdn.hailuoai.video/moss/prod/2024-11-11-20/video/1731329674345928165-video_watermark_2590641454afa92af14b76c55dd3f5a3_312352003220029442.mp4,downloaded
2024-11-30 14:05:36,https://cdn.hailuoai.video/moss/prod/2024-11-11-20/video/1731328107140364595-video_watermark_e702726181acd83a3687ca7934abc80b_312349302742548488.mp4,downloaded
2024-11-30 14:05:36,https://cdn.hailuoai.video/moss/prod/2024-11-11-20/video/1731327293645830330-video_watermark_bd5906b974de78ce6f58c9f63dbc5dd7_312346777519882246.mp4,downloaded
2024-11-30 14:05:36,https://cdn.hailuoai.video/moss/prod/2024-11-11-20/video/1731326628621270865-video_watermark_645006b8dc69a5f568a62fa0f98daccc_312345107545165825.mp4,downloaded
2024-11-30 14:05:36,https://cdn.hailuoai.video/moss/prod/2024-11-11-19/video/1731325968892598122-video_watermark_b3431709df6264c9df64cae5ba87f1a8_312343415198031879.mp4,downloaded
2024-11-30 14:05:36,https://cdn.hailuoai.video/moss/prod/2024-11-11-19/video/1731325407596252312-video_watermark_49afe26ea7c1b3a928b23575acecdfd9_312341744690622467.mp4,downloaded
2024-11-30 14:05:36,https://cdn.hailuoai.video/moss/prod/2024-11-11-19/video/1731324927202228880-video_watermark_1bad7871efdd8547871ca5510a07a6f4_312339423357272066.mp4,downloaded
2024-11-30 14:05:36,https://cdn.hailuoai.video/moss/prod/2024-11-11-19/video/1731324496494226951-video_watermark_35d894d9524eddc8c21dba99ebe32900_312337745212043273.mp4,downloaded
2024-11-30 14:05:36,https://cdn.hailuoai.video/moss/prod/2024-11-11-19/video/1731324077134799664-video_watermark_f9decddf7a2cab9c18ebdd906c7a7338_312336066882281478.mp4,downloaded
2024-11-30 14:05:36,https://cdn.hailuoai.video/moss/prod/2024-11-11-19/video/1731323640515718756-video_watermark_436d05bb3c3f5b4d090083d507348849_312335235306983432.mp4,downloaded
2024-11-30 14:05:36,https://cdn.hailuoai.video/moss/prod/2024-11-11-19/video/1731323240430049723-video_watermark_15fea6f64abe8e495517490dcfba8706_312333568201166857.mp4,downloaded
2024-11-30 14:05:36,https://cdn.hailuoai.video/moss/prod/2024-11-11-19/video/1731322853320059765-video_watermark_36192ed72d5b6646927ea7cc8285e5b1_312332517792251910.mp4,downloaded
2024-11-30 14:05:36,https://cdn.hailuoai.video/moss/prod/2024-11-11-18/video/1731322619749542054-video_watermark_e2baa6d26df398023be19ff8ded5ea41_312331681062154242.mp4,downloaded
2024-11-30 14:05:36,https://cdn.hailuoai.video/moss/prod/2024-11-11-18/video/1731322234424633716-video_watermark_1a89ecc0a4829c2e95858e923bcccf99_312329999632789513.mp4,downloaded
2024-11-30 14:05:36,https://cdn.hailuoai.video/moss/prod/2024-11-11-18/video/1731321976757536233-video_watermark_d194ed33edb66bbced002de728ddf31a_312328314583744516.mp4,downloaded
2024-11-30 14:05:36,https://cdn.hailuoai.video/moss/prod/2024-11-11-18/video/1731321692142831293-video_watermark_8dac8c36b332777807fb963fefaad00f_312326642360881155.mp4,downloaded
2024-11-30 14:05:36,https://cdn.hailuoai.video/moss/prod/2024-11-11-18/video/1731321267322331321-video_watermark_b8437c5836fb1166042a4b62b635507b_312324962168836100.mp4,downloaded
2024-11-30 14:05:36,https://cdn.hailuoai.video/moss/prod/2024-11-11-18/video/1731320984619688908-video_watermark_b47cc5d9cdc56fcd7db7a9727fe52cf7_312324124109144068.mp4,downloaded
2024-11-30 14:05:36,https://cdn.hailuoai.video/moss/prod/2024-11-11-18/video/1731320546032442537-video_watermark_45ecdeb482f86d90121e8de4cb0600cb_312322448560189446.mp4,downloaded
2024-11-30 14:05:36,https://cdn.hailuoai.video/moss/prod/2024-11-11-18/video/1731320124007593433-video_watermark_5898595a7b26d947a6b36b7abac6a0dd_312320766363275267.mp4,downloaded
2024-11-30 14:05:36,https://cdn.hailuoai.video/moss/prod/2024-11-11-18/video/1731319860778663357-video_watermark_08e3ef8593f9a7da74c1f44161f256fb_312319933127036936.mp4,downloaded
2024-11-30 14:05:36,https://cdn.hailuoai.video/moss/prod/2024-11-11-18/video/1731319461016589456-video_watermark_e7e71c2647b5d1c8de72e8e469f34f89_312318250338717705.mp4,downloaded
2024-11-30 14:05:36,https://cdn.hailuoai.video/moss/prod/2024-11-11-17/video/1731319181395043004-video_watermark_009c1dc23b5825b1369e82518b4041be_312316573711831048.mp4,downloaded
2024-11-30 14:05:36,https://cdn.hailuoai.video/moss/prod/2024-11-11-17/video/1731318921265110207-video_watermark_def2b1ee809e8474f259288f7c55e5f5_312314253452214280.mp4,downloaded
2024-11-30 14:05:36,https://cdn.hailuoai.video/moss/prod/2024-11-11-17/video/1731318501861568079-video_watermark_4b2981cf9572bad327e567b8b97ef781_312312630952828930.mp4,downloaded
2024-11-30 14:05:36,https://cdn.hailuoai.video/moss/prod/2024-11-11-17/video/1731318069679796829-video_watermark_a01f06088b1abd1a127dc9920701bd46_312311621891354632.mp4,downloaded
2024-11-30 14:05:36,https://cdn.hailuoai.video/moss/prod/2024-11-11-17/video/1731317654521407587-video_watermark_de1cff9909c4d41a1face76eaa62455e_312310120741572612.mp4,downloaded
2024-11-30 14:05:36,https://cdn.hailuoai.video/moss/prod/2024-11-11-17/video/1731317226628066851-video_watermark_c7c73eef55be706c5d10d373dd69e01b_312308186274041862.mp4,downloaded
2024-11-30 14:05:36,https://cdn.hailuoai.video/moss/prod/2024-11-11-17/video/1731316925584398849-video_watermark_283494130f907eba4d2709593a393a16_312306511081611269.mp4,downloaded
2024-11-30 14:05:36,https://cdn.hailuoai.video/moss/prod/2024-11-11-17/video/1731316620688814012-video_watermark_94d5e08197f3b1b7b8dae4fc822ce26e_312304189609832450.mp4,downloaded
2024-11-30 14:05:36,https://cdn.hailuoai.video/moss/prod/2024-11-11-17/video/1731316161426594768-video_watermark_b685b57d9268cb0d531b234338a14e0a_312302320787361799.mp4,downloaded
2024-11-30 14:05:36,https://cdn.hailuoai.video/moss/prod/2024-11-11-17/video/1731315690297774590-video_watermark_0b6869328c191fd28e824e207358a478_312300635830587396.mp4,downloaded
2024-11-30 14:05:36,https://cdn.hailuoai.video/moss/prod/2024-11-11-16/video/1731315229020023390-video_watermark_461fb28435d3e739ab5c2b4517b54d8d_312298960248082436.mp4,downloaded
2024-11-30 14:05:36,https://cdn.hailuoai.video/moss/prod/2024-11-11-16/video/1731314788855371362-video_watermark_df0db1459bb4b575bc6e24d02ad68fce_312298119734722568.mp4,downloaded
2024-11-30 14:05:36,https://cdn.hailuoai.video/moss/prod/2024-11-11-16/video/1731314338520973181-video_watermark_8953def6d58ea5d05987080171570d8d_312296444118667268.mp4,downloaded
2024-11-30 14:05:36,https://cdn.hailuoai.video/moss/prod/2024-11-11-16/video/1731313940753379381-video_watermark_bf6d7eb179a20c7875648b505fb0874f_312294775389646848.mp4,downloaded
2024-11-30 14:05:36,https://cdn.hailuoai.video/moss/prod/2024-11-11-16/video/1731313664866859226-video_watermark_7476e72ed4cec0b0bff50285497bb18e_312293097164738564.mp4,downloaded
2024-11-30 14:05:36,https://cdn.hailuoai.video/moss/prod/2024-11-11-16/video/1731313271037280992-video_watermark_6408dd56b5df78ccbedb733e6bea9900_312291514406371329.mp4,downloaded
2024-11-30 14:05:36,https://cdn.hailuoai.video/moss/prod/2024-11-11-16/video/1731312884137349798-video_watermark_facbc18b9e8963943edc4044be32ac4b_312289983258914816.mp4,downloaded
2024-11-30 14:05:36,https://cdn.hailuoai.video/moss/prod/2024-11-11-16/video/1731312478532517325-video_watermark_a9b0dd07965529c68c9e7a368c9fd8dc_312288065727995911.mp4,downloaded
2024-11-30 14:05:36,https://cdn.hailuoai.video/moss/prod/2024-11-11-16/video/1731312101733786324-video_watermark_9d10bb2af72ad3627b0acefc106442b5_312287212048707587.mp4,downloaded
2024-11-30 14:05:36,https://cdn.hailuoai.video/moss/prod/2024-11-11-15/video/1731311737751722444-video_watermark_4b0825015a343357cc7dde64f5a9df77_312285532250939395.mp4,downloaded
2024-11-30 14:05:36,https://cdn.hailuoai.video/moss/prod/2024-11-11-15/video/1731311364368076992-video_watermark_95b5816517df9a00d53a01dfa93be1af_312284697248890889.mp4,downloaded
2024-11-30 14:05:36,https://cdn.hailuoai.video/moss/prod/2024-11-11-15/video/1731311144232631471-video_watermark_a2049b9cae1e95b8c26c617f4f8ae50d_312283235244548103.mp4,downloaded
2024-11-30 14:05:36,https://cdn.hailuoai.video/moss/prod/2024-11-11-15/video/1731310766628498050-video_watermark_c569011ef8dfb6867996eb3fecb658a2_312281541924327433.mp4,downloaded
2024-11-30 14:05:36,https://cdn.hailuoai.video/moss/prod/2024-11-11-15/video/1731310520710889180-video_watermark_c5b6e683b78951693dfb14094e833400_312279667372429317.mp4,downloaded
2024-11-30 14:05:36,https://cdn.hailuoai.video/moss/prod/2024-11-11-15/video/1731310252879422936-video_watermark_5222f7a5d8df83946be638c271c588c1_312277990951063559.mp4,downloaded
2024-11-30 14:05:36,https://cdn.hailuoai.video/moss/prod/2024-11-11-15/video/1731309833706878563-video_watermark_932d1f722c9fd98a51404d219fcd95f3_312275303186534403.mp4,downloaded
2024-11-30 14:05:36,https://cdn.hailuoai.video/moss/prod/2024-11-11-15/video/1731309360146855525-video_watermark_01277c854b2e325c177ef7417d96e992_312272372575993863.mp4,downloaded
2024-11-30 14:05:36,https://cdn.hailuoai.video/moss/prod/2024-11-11-15/video/1731309003818873770-video_watermark_0fffcdb759e3fa7e1ba5b1903955c399_312270608409792515.mp4,downloaded
2024-11-30 14:05:36,https://cdn.hailuoai.video/moss/prod/2024-11-11-14/video/1731308337169421707-video_watermark_8c4bfc65641823a5aeca768a57df9322_312268840380637185.mp4,downloaded
2024-11-30 14:05:36,https://cdn.hailuoai.video/moss/prod/2024-11-11-14/video/1731307551847514042-video_watermark_5278ef1368e055993db7584e1e790b1a_312267093037776902.mp4,downloaded
2024-11-30 14:05:36,https://cdn.hailuoai.video/moss/prod/2024-11-11-14/video/1731307103574509079-video_watermark_78617dfdadabc71973c6e4cfda7f83e0_312265411327389703.mp4,downloaded
2024-11-30 14:05:36,https://cdn.hailuoai.video/moss/prod/2024-11-11-14/video/1731306803217149649-video_watermark_408ea1db78d7cae5d8c83d48d1a1ca06_312263086592454660.mp4,downloaded
2024-11-30 14:05:36,https://cdn.hailuoai.video/moss/prod/2024-11-11-14/video/1731306345479761206-video_watermark_7fe7e36e19d09353413bd47ae921813a_312261394010435593.mp4,downloaded
2024-11-30 14:05:36,https://cdn.hailuoai.video/moss/prod/2024-11-11-14/video/1731305882729526937-video_watermark_a2a18230d7efb131d0fdc764b62562c5_312261349383049217.mp4,downloaded
2024-11-30 14:05:36,https://cdn.hailuoai.video/moss/prod/2024-11-11-14/video/1731305022329546106-video_watermark_aee4b8e78c86fc5c47039b4bd3dfb155_312259533257797636.mp4,downloaded
2024-11-30 14:05:36,https://cdn.hailuoai.video/moss/prod/2024-11-11-14/video/1731305429456151449-video_watermark_18749d8c82a386c6ac32cd26790f63c6_312258051657670657.mp4,downloaded
2024-11-30 14:05:36,https://cdn.hailuoai.video/moss/prod/2024-11-11-14/video/1731305011769902035-video_watermark_b838c67f653688beecf6fd4c55e29090_312257031976222722.mp4,downloaded
2024-11-30 14:05:36,https://cdn.hailuoai.video/moss/prod/2024-11-11-13/video/1731304610234413152-video_watermark_f8d30f5d748c48972c80294eadf3035f_312256374720405504.mp4,downloaded
2024-11-30 14:05:36,https://cdn.hailuoai.video/moss/prod/2024-11-11-13/video/1731303841007716092-video_watermark_adfa2b8ec17cc2f33334c4925c00ad03_312254701901946884.mp4,downloaded
2024-11-30 14:05:36,https://cdn.hailuoai.video/moss/prod/2024-11-11-13/video/1731304210991360757-video_watermark_eceb0200d091957925b67b05b9e3bdd9_312253690978205700.mp4,downloaded
2024-11-30 14:05:36,https://cdn.hailuoai.video/moss/prod/2024-11-11-13/video/1731303827520717963-video_watermark_356244686c75f68eabec07999f6c2aa6_312251977265283081.mp4,downloaded
2024-11-30 14:05:36,https://cdn.hailuoai.video/moss/prod/2024-11-11-13/video/1731303457166032573-video_watermark_8f712e22d7eb3ab94aa7efcab6422986_312251149599084552.mp4,downloaded
2024-11-30 14:05:36,https://cdn.hailuoai.video/moss/prod/2024-11-11-13/video/1731303090202076706-video_watermark_8caf54029eb0603d932f0377f3650c5a_312249462855536649.mp4,downloaded
2024-11-30 14:05:36,https://cdn.hailuoai.video/moss/prod/2024-11-11-13/video/1731302714432827288-video_watermark_4e60b905499c397e7f05f59ff6a930b5_312247785469485063.mp4,downloaded
2024-11-30 14:05:36,https://cdn.hailuoai.video/moss/prod/2024-11-11-13/video/1731302488167736857-video_watermark_c2b33744474c717631327845eb9c0b41_312246106212769796.mp4,downloaded
2024-11-30 14:05:36,https://cdn.hailuoai.video/moss/prod/2024-11-11-13/video/1731302126897721696-video_watermark_b332487f1ecd9d63ef79618277e5f346_312245266114641923.mp4,downloaded
2024-11-30 14:05:36,https://cdn.hailuoai.video/moss/prod/2024-11-11-13/video/1731301758113987849-video_watermark_0823a26f9f8f0a10f758ab26c6bbb026_312243588640501765.mp4,downloaded
2024-11-30 14:05:36,https://cdn.hailuoai.video/moss/prod/2024-11-11-13/video/1731301400401873704-video_watermark_b027e975a35d06d8c4fb0abdb8773e8d_312242756222152706.mp4,downloaded
2024-11-30 14:05:36,https://cdn.hailuoai.video/moss/prod/2024-11-11-12/video/1731301165411969772-video_watermark_b586c4330b91ab5ec5393739d2145090_312241076260798471.mp4,downloaded
2024-11-30 14:05:36,https://cdn.hailuoai.video/moss/prod/2024-11-11-12/video/1731300801269214102-video_watermark_2f1a64b67764c3784d1fa8f172bbfe67_312240232337477636.mp4,downloaded
2024-11-30 14:05:36,https://cdn.hailuoai.video/moss/prod/2024-11-11-12/video/1731300569033472664-video_watermark_ad221f83bdbc01ba8f04b9baeb14947c_312239395087282183.mp4,downloaded
2024-11-30 14:05:36,https://cdn.hailuoai.video/moss/prod/2024-11-11-12/video/1731300191515361460-video_watermark_ae87534a2e6cf25712cea22552bf64fc_312237715360817155.mp4,downloaded
2024-11-30 14:05:36,https://cdn.hailuoai.video/moss/prod/2024-11-11-12/video/1731299970390284645-video_watermark_4e2f1b421aa769a73fc65c01c36f86f8_312236049114832899.mp4,downloaded
2024-11-30 14:05:36,https://cdn.hailuoai.video/moss/prod/2024-11-11-12/video/1731299750043085307-video_watermark_c51a4ea6cb1c153c9db1f6a585f928d1_312234360609669126.mp4,downloaded
2024-11-30 14:05:36,https://cdn.hailuoai.video/moss/prod/2024-11-11-12/video/1731299366685027346-video_watermark_7ee17445a6328c7d624555e0f5705c7b_312233527616708612.mp4,downloaded
2024-11-30 14:05:36,https://cdn.hailuoai.video/moss/prod/2024-11-11-12/video/1731298980032851905-video_watermark_1962985857f39386d2eb002e1f60f2d6_312232691679326217.mp4,downloaded
2024-11-30 14:05:36,https://cdn.hailuoai.video/moss/prod/2024-11-11-12/video/1731298597977328297-video_watermark_20920220a6ce4df584e978a1c5076ded_312231007502696450.mp4,downloaded
2024-11-30 14:05:36,https://cdn.hailuoai.video/moss/prod/2024-11-11-12/video/1731298346649756858-video_watermark_937ebb57ba0ab9381aae688d0e44cd81_312229329789485057.mp4,downloaded
2024-11-30 14:05:36,https://cdn.hailuoai.video/moss/prod/2024-11-11-12/video/1731298106696875932-video_watermark_a1a666d8bdfc9f52aaf083599846c3fb_312227847526653954.mp4,downloaded
2024-11-30 14:05:36,https://cdn.hailuoai.video/moss/prod/2024-11-11-12/video/1731297701214272440-video_watermark_878a46df45646d41ea13e40c4f993b1f_312226169985409033.mp4,downloaded
2024-11-30 14:05:36,https://cdn.hailuoai.video/moss/prod/2024-11-11-11/video/1731297284584395396-video_watermark_3cac5d6ce652003dee2e14e204304ab3_312224293445410816.mp4,downloaded
2024-11-30 14:05:36,https://cdn.hailuoai.video/moss/prod/2024-11-11-11/video/1731297010804264599-video_watermark_083adc1a44d6870c36be3e36b5ed0f20_312222782900371459.mp4,downloaded
2024-11-30 14:05:36,https://cdn.hailuoai.video/moss/prod/2024-11-11-11/video/1731296611107548872-video_watermark_8f061fde3e55e32533d1d2cc06240c85_312222032551972867.mp4,downloaded
2024-11-30 14:05:36,https://cdn.hailuoai.video/moss/prod/2024-11-11-11/video/1731296200507899520-video_watermark_d46937b84ba50dacdcc5978958256d15_312220265625911303.mp4,downloaded
2024-11-30 14:05:36,https://cdn.hailuoai.video/moss/prod/2024-11-11-11/video/1731295779985655554-video_watermark_04c51895f234352f5cb7a32ed4e1c224_312218513421860870.mp4,downloaded
2024-11-30 14:05:36,https://cdn.hailuoai.video/moss/prod/2024-11-11-11/video/1731295503938416277-video_watermark_9bae1a6e87bfb46c09dd0d2e59cceb5a_312217755427250183.mp4,downloaded
2024-11-30 14:05:36,https://cdn.hailuoai.video/moss/prod/2024-11-11-11/video/1731295071944581779-video_watermark_97c46a4d3c8dca328b9ade9a5623c193_312215273347194881.mp4,downloaded
2024-11-30 14:05:36,https://cdn.hailuoai.video/moss/prod/2024-11-11-11/video/1731294763752144509-video_watermark_cb1c3f742ffe807ef5c731da90920190_312213391887278085.mp4,downloaded
2024-11-30 14:05:36,https://cdn.hailuoai.video/moss/prod/2024-11-11-11/video/1731294464852717071-video_watermark_c3da6f9f3f294bf253b4355b8bcc9ee9_312211962661404672.mp4,downloaded
2024-11-30 14:05:36,https://cdn.hailuoai.video/moss/prod/2024-11-11-11/video/1731294031598629512-video_watermark_ea04733b102c3d4eed212721336834e9_312210204748914692.mp4,downloaded
2024-11-30 14:05:36,https://cdn.hailuoai.video/moss/prod/2024-11-11-10/video/1731293592860695404-video_watermark_4ef400e3623e3ea7b6ce9ae80b8ee073_312208559411531777.mp4,downloaded
2024-11-30 14:05:36,https://cdn.hailuoai.video/moss/prod/2024-11-11-10/video/1731293152551668233-video_watermark_2e10c6c1268ef1a241c1a382689d065f_312206880616181760.mp4,downloaded
2024-11-30 14:05:36,https://cdn.hailuoai.video/moss/prod/2024-11-11-10/video/1731292727929834466-video_watermark_8962611e603b7c2a9d4897915d086e77_312205837681520648.mp4,downloaded
2024-11-30 14:05:36,https://cdn.hailuoai.video/moss/prod/2024-11-11-10/video/1731292458107210719-video_watermark_dd4893f9d50e461e6140ba6266f654a6_312204163185340419.mp4,downloaded
2024-11-30 14:05:36,https://cdn.hailuoai.video/moss/prod/2024-11-11-10/video/1731292038442113142-video_watermark_0a3cc66f94143de91fac71327fe118e9_312202481642741769.mp4,downloaded
2024-11-30 14:05:36,https://cdn.hailuoai.video/moss/prod/2024-11-11-10/video/1731291745333980381-video_watermark_3ee5448969a28d0a4f3a8510d1af9bca_312200806433521671.mp4,downloaded
2024-11-30 14:05:36,https://cdn.hailuoai.video/moss/prod/2024-11-11-10/video/1731291307009194035-video_watermark_12fbd6d660e29737b67c8b7e0d45cb7c_312198487331532808.mp4,downloaded
2024-11-30 14:05:36,https://cdn.hailuoai.video/moss/prod/2024-11-11-10/video/1731290891165345327-video_watermark_e89f3f6bb61da299f9690bd921e2198b_312196808217432068.mp4,downloaded
2024-11-30 14:05:36,https://cdn.hailuoai.video/moss/prod/2024-11-11-10/video/1731290458175616822-video_watermark_765e69db4c75f3f887721a54b4fcbeb8_312195130806214662.mp4,downloaded
2024-11-30 14:05:36,https://cdn.hailuoai.video/moss/prod/2024-11-11-09/video/1731290024597097297-video_watermark_7885755bf4dcdc9435e415061bcfabde_312194258906882054.mp4,downloaded
2024-11-30 14:05:36,https://cdn.hailuoai.video/moss/prod/2024-11-11-09/video/1731289620022320643-video_watermark_e3829033585e3f0b2c6a32cb8aef9fcb_312193281684369413.mp4,downloaded
2024-11-30 14:05:36,https://cdn.hailuoai.video/moss/prod/2024-11-11-09/video/1731289241242292019-video_watermark_999cd1f49adda9ddc7537199dc8a9fd3_312192139378270212.mp4,downloaded
2024-11-30 14:05:36,https://cdn.hailuoai.video/moss/prod/2024-11-11-09/video/1731288866005106877-video_watermark_be84639af882a6bb22c49d865c928b63_312191908221788165.mp4,downloaded
